{
    "$schema-version": "0.0.1",
    "description": "",
    "image": {
        "repository": "$CONTAINER_REGISTRY_NAME/sensormodule",
        "tag": {
            "version": "0.0.24",
            "platforms": {
                "amd64": "./Dockerfile.amd64",
                "amd64.debug": "./Dockerfile.amd64.debug",
                "arm32v7": "./Dockerfile.arm32v7",
                "arm32v7.debug": "./Dockerfile.arm32v7.debug",
                "windows-amd64": "./Dockerfile.windows-amd64"
            }
        },
        "buildOptions": [],
        "contextPath": "./"
    },
    "language": "csharp"
}
